@alex1488,16.09.2025 00:41,5212 USDT,Бизнес и Бизнес
@stasokkk,16.09.2025 12:30,500 USDT,Не указан
@alex1488,16.09.2025 01:03,5212 USDT,Бизнес и Бизнес
@alex1488,16.09.2025 01:04,5212 USDT,Бизнес и Бизнес
@alex1488,16.09.2025 01:05,212 USDT,Не указан
@a88,16.09.2025 01:05,212 USDT,Не указан
@alex1488,16.09.2025 01:06,212 USDT,Не указан
@alex1488,16.09.2025 01:06,212 USDT,Не указан
@alex1488,16.09.2025 01:06,212 USDT,Не указан
@maxim,16.09.2025 01:06,1488 USDT,Не указан
@maxim,16.09.2025 14:04,1488 USDT,Не указан
@maxim,16.09.2025 14:04,1488 USDT,Не указан
@maxim,16.09.2025 11:12,1111 USDT,Не указан
@maxim,16.09.2025 14:05,1488 USDT,Не указан
@maxim,16.09.2025 14:05,1488 USDT,Не указан
@maxim,16.09.2025 14:05,1488 USDT,Не указан
@swagger,15.09.2025 12:30,65 USDT,биб
